{
	"credit": "Made with Blockbench",
	"textures": {
		"1": "item/totem_of_undying/watch"
	},
	"elements": [
		{
			"from": [5.7, 5.7, 10.3],
			"to": [10.3, 10.3, 10.3],
			"rotation": {"angle": 0, "axis": "y", "origin": [10.3, 8, 8]},
			"faces": {
				"north": {"uv": [8, 5, 4, 9], "texture": "#1"},
				"east": {"uv": [15, 12, 16, 16], "texture": "#1"},
				"south": {"uv": [4, 5, 0, 9], "texture": "#1"},
				"west": {"uv": [15, 12, 16, 16], "texture": "#1"},
				"up": {"uv": [15, 12, 16, 16], "rotation": 270, "texture": "#1"},
				"down": {"uv": [15, 16, 16, 12], "rotation": 90, "texture": "#1"}
			}
		},
		{
			"from": [5.7, 5.7, 5.7],
			"to": [10.3, 10.3, 5.7],
			"rotation": {"angle": 0, "axis": "y", "origin": [5.7, 8, 8]},
			"faces": {
				"north": {"uv": [0, 12, 4, 16], "texture": "#1"},
				"east": {"uv": [16, 12, 15, 16], "texture": "#1"},
				"south": {"uv": [4, 12, 8, 16], "texture": "#1"},
				"west": {"uv": [16, 12, 15, 16], "texture": "#1"},
				"up": {"uv": [15, 16, 16, 12], "rotation": 270, "texture": "#1"},
				"down": {"uv": [15, 12, 16, 16], "rotation": 90, "texture": "#1"}
			}
		},
		{
			"from": [10.3, 5.7, 5.7],
			"to": [10.3, 10.3, 10.3],
			"rotation": {"angle": 0, "axis": "y", "origin": [5.7, 8, 8]},
			"faces": {
				"north": {"uv": [16, 12, 15, 16], "texture": "#1"},
				"east": {"uv": [4, 5, 8, 9], "texture": "#1"},
				"south": {"uv": [16, 12, 15, 16], "texture": "#1"},
				"west": {"uv": [0, 5, 4, 9], "texture": "#1"},
				"up": {"uv": [15, 16, 16, 12], "texture": "#1"},
				"down": {"uv": [15, 12, 16, 16], "texture": "#1"}
			}
		},
		{
			"from": [5.7, 5.7, 5.7],
			"to": [5.7, 10.3, 10.3],
			"rotation": {"angle": 0, "axis": "y", "origin": [5.7, 8, 8]},
			"faces": {
				"north": {"uv": [16, 12, 15, 16], "texture": "#1"},
				"east": {"uv": [0, 5, 4, 9], "texture": "#1"},
				"south": {"uv": [16, 12, 15, 16], "texture": "#1"},
				"west": {"uv": [4, 5, 8, 9], "texture": "#1"},
				"up": {"uv": [15, 16, 16, 12], "texture": "#1"},
				"down": {"uv": [15, 12, 16, 16], "texture": "#1"}
			}
		}
	],
	"gui_light": "front",
	"display": {
		"thirdperson_righthand": {
			"rotation": [90, -90, 0],
			"translation": [0, -2, 3]
		},
		"thirdperson_lefthand": {
			"rotation": [90, -90, 0],
			"translation": [0, -2, 3]
		},
		"firstperson_righthand": {
			"translation": [0, -10, 0]
		},
		"firstperson_lefthand": {
			"translation": [0, -10, 0]
		},
		"gui": {
			"rotation": [30, 135, 0],
			"scale": [2, 2, 2]
		},
		"fixed": {
			"translation": [0, 0, 4],
			"scale": [2, 2, 2]
		}
	},
	"groups": [
		{
			"name": "watch",
			"origin": [8, 8, 8],
			"color": 0,
			"nbt": "{}",
			"children": [0, 1, 2, 3]
		}
	]
}